date,price,opening_price,highest_price,lowest_price,volume,change
2025-04-15,84062,84587,86439,84048,59500,-0.62
2025-04-14,84586,83753,85795,83705,78030,1.02
2025-04-13,83734,85282,86000,83050,70930,-1.83
2025-04-12,85293,83420,85894,82828,55600,2.25
2025-04-11,83413,79606,84275,79004,94620,4.78
2025-04-10,79608,82607,82738,78496,92830,-3.63
2025-04-09,82607,76312,83567,74657,172180,8.25
2025-04-08,76312,79167,80840,76255,93880,-3.6
2025-04-07,79162,78407,81096,74524,170570,0.98
2025-04-06,78391,83528,83732,77171,79170,-6.18
2025-04-05,83552,83876,84249,82384,32710,-0.38
2025-04-04,83867,83160,84704,81691,91540,0.85
2025-04-03,83159,82523,83909,81314,83150,0.77
2025-04-02,82525,85166,88377,82359,104050,-3.1
2025-04-01,85164,82549,85506,82436,66720,3.17
2025-03-31,82549,82375,83896,81300,61760,0.22
2025-03-30,82372,82647,83533,81593,35370,-0.33
2025-03-29,82646,84412,84603,81668,39340,-2.09
2025-03-28,84410,87210,87508,83597,85250,-3.23
2025-03-27,87228,86937,87751,85844,56490,0.36
2025-03-26,86912,87350,88277,85866,62040,-0.56
2025-03-25,87404,87495,88523,86328,75240,-0.1
2025-03-24,87490,86076,88740,85542,95710,1.64
2025-03-23,86077,83840,86082,83813,31130,2.67
2025-03-22,83840,84077,84526,83688,20840,-0.28
2025-03-21,84073,84209,84831,83216,42800,-0.16
2025-03-20,84208,86841,87419,83656,69860,-3.03
2025-03-19,86841,82719,86991,82558,84610,4.98
2025-03-18,82719,84019,84019,81171,58170,-1.55
2025-03-17,84019,82580,84729,82525,58040,1.74
2025-03-16,82578,84341,84942,82014,50040,-2.09
2025-03-15,84341,83979,84680,83636,38400,0.43
2025-03-14,83977,81104,85287,80833,81230,3.55
2025-03-13,81100,83665,84292,79955,79250,-3.06
2025-03-12,83664,82921,84266,80647,88610,0.9
2025-03-11,82921,78580,83573,76677,123590,5.53
2025-03-10,78576,80702,83903,77480,120230,-2.62
2025-03-09,80692,86222,86499,80049,69900,-6.41
2025-03-08,86222,86784,86887,85265,41900,-0.36
2025-03-07,86531,89880,91060,84864,138110,-3.78
2025-03-06,89931,90612,92802,87850,89270,-0.75
2025-03-05,90612,87270,90938,86429,95540,3.83
2025-03-04,87266,86084,88888,81617,132500,1.23
2025-03-03,86210,94266,94266,85141,143150,-8.55
2025-03-02,94265,86066,94986,85069,126760,9.52
2025-03-01,86072,84353,86546,83837,79510,2.0
2025-02-28,84381,84713,85029,78330,186900,-0.39
2025-02-27,84715,84205,87014,82724,116140,0.6
2025-02-26,84213,88675,89375,82333,145330,-5.04
2025-02-25,88686,91510,92523,86098,195290,-3.08
2025-02-24,91508,96261,96498,91378,96460,-4.93
2025-02-23,96259,96556,96655,95260,38820,-0.31
2025-02-22,96556,96158,96931,95801,45620,0.42
2025-02-21,96156,98310,99473,94904,104280,-2.19
2025-02-20,98310,96645,98722,96442,61840,1.72
2025-02-19,96645,95664,96830,95049,58270,1.05
2025-02-18,95638,95782,96645,93403,74090,-0.15
2025-02-17,95781,96120,97002,95222,58400,-0.36
2025-02-16,96132,97573,97706,96060,33350,-1.48
2025-02-15,97573,97504,97973,97211,29650,0.07
2025-02-14,97505,96612,98817,96316,65370,0.93
2025-02-13,96610,97875,98080,95295,66760,-1.3
2025-02-12,97881,95777,98096,94111,87210,2.2
2025-02-11,95772,97435,98476,94903,69890,-1.71
2025-02-10,97435,96469,98312,95308,71430,1.0
2025-02-09,96469,96448,97298,94750,48380,0.02
2025-02-08,96448,96514,96863,95716,38990,-0.07
2025-02-07,96514,96565,100134,95694,97600,-0.06
2025-02-06,96569,96606,99119,95707,76920,-0.03
2025-02-05,96595,97785,99028,96164,82920,-1.23
2025-02-04,97793,101340,101693,96190,117350,-3.5
2025-02-03,101337,97686,102372,91696,190810,3.74
2025-02-02,97685,100647,101451,96250,99360,-2.94
2025-02-01,100648,102421,102771,100294,47480,-1.73
2025-01-31,102424,104727,105876,101576,82790,-2.2
2025-01-30,104727,103723,106409,103388,74840,0.97
2025-01-29,103722,101342,104760,101341,74380,2.34
2025-01-28,101349,102085,103584,100288,74690,-0.73
2025-01-27,102092,102618,103235,97988,146380,-0.53
2025-01-26,102638,104744,105400,102544,32180,-2.01
2025-01-25,104743,104861,105256,104134,37680,-0.11
2025-01-24,104862,103914,107102,102760,83960,0.91
2025-01-23,103912,103681,106806,101282,141800,0.22
2025-01-22,103685,106157,106266,103354,77560,-2.33
2025-01-21,106157,102190,107212,100192,129360,3.87
2025-01-20,102198,101313,109229,99676,202660,0.87
2025-01-19,101320,104537,106338,99743,123720,-3.08
2025-01-18,104537,104085,104953,102297,79300,0.43
2025-01-17,104085,99992,105844,99956,127330,4.08
2025-01-16,100004,100500,100812,97400,87080,-0.49
2025-01-15,100500,96547,100671,96502,95320,4.1
2025-01-14,96542,94537,97361,94360,87790,2.12
2025-01-13,94534,94540,95907,89665,115200,-0.08
2025-01-11,94612,94724,94766,93848,72660,-0.12
2025-01-10,94724,92540,95761,92311,125420,2.36
2025-01-09,92540,95067,95323,91242,132780,-2.66
2025-01-08,95067,96938,97266,92717,100360,-1.92
2025-01-07,96930,102248,102678,96201,99770,-5.2
2025-01-06,102249,98373,102474,97932,86730,3.97
2025-01-05,98348,98220,98823,97300,31340,0.13
2025-01-04,98220,98169,98743,97569,36560,0.05
2025-01-03,98168,96960,98963,96091,61620,1.25
2025-01-02,96960,94561,97808,94381,76130,2.54
2025-01-01,94560,93557,95100,92939,43340,1.07
2024-12-31,93557,92777,96163,92036,74850,0.84
2024-12-30,92780,93719,94936,91522,112430,-1.0
2024-12-29,93716,95283,95315,93027,47710,-1.65
2024-12-28,95284,94275,95684,94125,32970,1.07
2024-12-27,94276,95776,97243,93473,85120,-1.57
2024-12-26,95778,99389,99922,95193,74600,-3.64
2024-12-25,99391,98662,99514,97652,39800,0.73
2024-12-24,98668,94853,99447,93566,69860,4.02
2024-12-23,94852,95185,96518,92543,133240,-0.35
2024-12-22,95184,97282,97422,94265,100640,-2.13
2024-12-21,97253,97799,99532,96479,123360,-0.55
2024-12-20,97796,97468,98178,92302,221180,0.34
2024-12-19,97466,100190,102779,95672,200570,-2.73
2024-12-18,100198,106141,106478,100049,187490,-5.6
2024-12-17,106139,106053,108245,105351,149370,0.08
2024-12-16,106058,104479,107768,103352,232660,1.55
2024-12-15,104443,101418,105121,101235,133990,2.98
2024-12-14,101418,101424,102633,100626,105310,-0.01
2024-12-13,101426,100008,101891,99214,162400,1.42
2024-12-12,100010,101126,102495,99334,188960,-1.1
2024-12-11,101126,96603,101877,95690,250020,4.69
2024-12-10,96600,97312,98238,94304,271450,-0.78
2024-12-09,97359,101130,101199,94396,321010,-3.72
2024-12-08,101116,99837,101340,98714,128930,1.28
2024-12-07,99837,99757,100442,98969,118440,0.08
2024-12-06,99761,96969,101908,96452,213490,2.88
2024-12-05,96971,98625,103719,92510,245790,-1.69
2024-12-04,98636,95900,99031,94625,113770,2.85
2024-12-03,95899,95844,96245,93646,95080,0.05
2024-12-02,95847,97199,98082,94511,95800,-1.39
2024-12-01,97201,96405,97814,95722,42900,0.83
2024-11-30,96406,97438,97462,96120,36920,-1.06
2024-11-29,97438,95646,98600,95406,76540,1.87
2024-11-28,95646,95881,96549,94649,68170,-0.25
2024-11-27,95887,91976,97220,91796,106390,4.25
2024-11-26,91978,93046,94979,90817,131880,-1.17
2024-11-25,93064,97949,98872,92875,124980,-4.97
2024-11-24,97935,97696,98553,95765,77040,0.24
2024-11-23,97699,98927,98927,97181,72170,-1.24
2024-11-22,98930,98381,99617,97182,132230,0.56
2024-11-21,98374,94309,98937,94064,179070,4.32
2024-11-20,94304,92253,94836,91517,121460,2.24
2024-11-19,92239,90482,93918,90379,146040,1.95
2024-11-18,90479,89843,92567,89410,150470,0.72
2024-11-17,89834,90569,91442,88736,81240,-0.78
2024-11-16,90539,91035,91749,90079,79820,-0.56
2024-11-15,91046,87297,91833,87119,158190,4.3
2024-11-14,87294,90425,91727,86740,153340,-3.46
2024-11-13,90422,87971,93227,86168,257570,2.82
2024-11-12,87941,88665,89930,85122,288680,-0.82
2024-11-11,88664,80389,89519,80232,254040,10.29
2024-11-10,80388,76681,81374,76520,193830,4.81
2024-11-09,76700,76506,76904,75732,72970,0.24
2024-11-08,76517,75870,77188,75599,155170,0.85
2024-11-07,75869,75586,76838,74448,184160,0.37
2024-11-06,75586,69374,76401,69323,357280,8.96
2024-11-05,69374,67848,70496,67474,108950,2.25
2024-11-04,67849,68770,69483,66834,101310,-1.34
2024-11-03,68770,69335,69384,67514,83160,-0.8
2024-11-02,69326,69499,69897,69029,38720,-0.26
2024-11-01,69507,70279,71598,68846,130460,-1.1
2024-10-31,70282,72344,72686,69674,111290,-2.86
2024-10-30,72348,72732,72907,71460,99050,-0.53
2024-10-29,72730,69957,73569,69753,168600,3.97
2024-10-28,69954,68012,70203,67610,103970,2.87
2024-10-27,68005,67085,68308,66925,33580,1.37
2024-10-26,67087,66694,67408,66444,42050,0.58
2024-10-25,66697,68192,68757,65644,110510,-2.19
2024-10-24,68192,66659,68832,66511,82780,2.29
2024-10-23,66664,67429,67441,65247,84990,-1.13
2024-10-22,67427,67371,67815,66609,86760,0.08
2024-10-21,67371,69030,69491,66846,109280,-2.4
2024-10-20,69030,68373,69386,67444,44920,0.96
2024-10-19,68372,68426,68689,68026,33290,-0.07
2024-10-18,68423,67416,68990,67191,99200,1.49
2024-10-17,67418,67618,67934,66677,84680,-0.3
2024-10-16,67618,67075,68389,66767,98300,0.81
2024-10-15,67078,66084,67822,64851,136720,1.51
2024-10-14,66082,62871,66477,62464,122090,5.11
2024-10-13,62871,63205,63285,62054,42260,-0.53
2024-10-12,63205,62507,63463,62486,40910,1.13
2024-10-11,62499,60318,63385,60081,86380,3.62
2024-10-10,60316,60629,61305,59076,83860,-0.52
2024-10-09,60629,62157,62537,60356,68790,-2.46
2024-10-08,62157,62227,63197,61883,63750,-0.14
2024-10-07,62246,62820,64449,62176,86270,-0.91
2024-10-06,62819,62062,62934,61495,31720,1.22
2024-10-05,62061,62086,62367,61706,30150,-0.03
2024-10-04,62081,60751,62472,60469,72710,2.19
2024-10-03,60751,60642,61469,59904,82430,0.17
2024-10-02,60646,60834,62340,60003,98940,-0.31
2024-10-01,60836,63330,64125,60196,134930,-3.95
2024-09-30,63339,65607,65607,62901,101700,-3.46
2024-09-29,65607,65863,66066,65437,32600,-0.39
2024-09-28,65866,65776,66232,65438,35000,0.14
2024-09-27,65776,65169,66441,64839,80550,0.92
2024-09-26,65176,63157,65771,62693,96060,3.2
2024-09-25,63156,64263,64788,62953,62720,-1.71
2024-09-24,64257,63336,64664,62741,76710,1.46
2024-09-23,63332,63575,64723,62650,75660,-0.38
2024-09-22,63573,63351,63998,62395,48860,0.35
2024-09-21,63348,63201,63526,62779,33200,0.23
2024-09-20,63201,62942,64085,62367,90650,0.42
2024-09-19,62939,61755,63850,61596,120170,1.91
2024-09-18,61758,60308,61758,59211,105570,2.4
2024-09-17,60309,58213,61309,57630,106300,3.6
2024-09-16,58213,59126,59204,57528,87600,-1.56
2024-09-15,59138,59996,60378,58718,47010,-1.43
2024-09-14,59995,60515,60609,59494,44470,-0.85
2024-09-13,60512,58134,60625,57657,102120,4.09
2024-09-12,58134,57336,58484,57330,98420,1.39
2024-09-11,57339,57638,57976,55577,102150,-0.51
2024-09-10,57635,57046,58020,56415,77650,1.03
2024-09-09,57050,54868,57957,54595,105330,3.99
2024-09-08,54861,54161,55293,53642,51990,1.3
2024-09-07,54156,53965,54819,53754,58110,0.35
2024-09-06,53967,56180,56969,52645,155840,-3.94
2024-09-05,56183,57971,58319,55745,90360,-3.09
2024-09-04,57973,57490,58509,55732,108440,0.86
2024-09-03,57480,59134,59800,57437,74770,-2.8
2024-09-02,59134,57309,59417,57186,73180,3.17
2024-09-01,57316,58976,59059,57232,63950,-2.82
2024-08-31,58979,59120,59447,58761,30860,-0.24
2024-08-30,59120,59372,59818,57875,87310,-0.43
2024-08-29,59374,59027,61151,58807,87190,0.61
2024-08-28,59016,59426,60198,57912,109470,-0.73
2024-08-27,59451,62832,63201,58187,108530,-5.4
2024-08-26,62846,64241,64472,62841,68890,-2.22
2024-08-25,64273,64161,64939,63797,41610,0.18
2024-08-24,64159,64062,64459,63580,54140,0.17
2024-08-23,64053,60375,64830,60354,125500,6.1
2024-08-22,60372,61158,61400,59816,74390,-1.29
2024-08-21,61158,59010,61812,58831,91310,3.65
2024-08-20,59006,59470,61332,58612,69770,-0.78
2024-08-19,59471,58446,59598,57872,49190,1.75
2024-08-18,58446,59485,60216,58436,30820,-1.74
2024-08-17,59483,58878,59660,58826,18510,1.03
2024-08-16,58877,57545,59817,57129,64010,2.33
2024-08-15,57535,58710,59831,56276,81470,-2.0
2024-08-14,58708,60595,61543,58491,64790,-3.11
2024-08-13,60595,59350,61537,58492,62920,2.1
2024-08-12,59350,58712,60606,57689,79310,1.08
2024-08-11,58713,60930,61677,58389,41060,-3.64
2024-08-10,60932,60844,61344,60264,22910,0.13
2024-08-09,60851,61698,61712,59570,69550,-1.38
2024-08-08,61700,55113,62564,54787,109770,11.94
2024-08-07,55121,56050,57670,54598,94520,-1.67
2024-08-06,56058,54011,57026,53998,113890,3.85
2024-08-05,53979,58143,58291,49487,333460,-7.16
2024-08-04,58142,60700,61086,57347,72710,-4.21
2024-08-03,60697,61481,62184,59915,65740,-1.27
2024-08-02,61479,65352,65567,61242,93890,-5.96
2024-08-01,65373,64626,65588,62304,84200,1.16
2024-07-31,64626,66185,66826,64538,51520,-2.36
2024-07-30,66185,66796,66998,65329,54430,-0.92
2024-07-29,66799,68256,70000,66544,85670,-2.14
2024-07-28,68256,67889,68292,67068,26170,0.61
2024-07-27,67843,67911,69388,66777,67990,-0.1
2024-07-26,67909,65800,68205,65764,59130,3.21
2024-07-25,65799,65364,66089,63501,77460,0.66
2024-07-24,65370,65937,67072,65155,52470,-0.86
2024-07-23,65938,67550,67750,65513,69580,-2.39
2024-07-22,67554,68158,68469,66602,54880,-0.89
2024-07-21,68159,67148,68353,65826,47190,1.5
2024-07-20,67148,66677,67586,66257,32940,0.71
2024-07-19,66677,63981,67390,63326,82870,4.22
2024-07-18,63980,64090,65102,63254,51270,-0.17
2024-07-17,64089,65053,66052,63898,66110,-1.48
2024-07-16,65050,64749,65320,62431,93630,0.41
2024-07-15,64782,60795,64870,60679,96020,6.56
2024-07-14,60795,59208,61327,59208,47480,2.68
2024-07-13,59210,57897,59826,57771,34280,2.29
2024-07-12,57885,57338,58521,56576,56840,0.96
2024-07-11,57337,57746,59404,57095,66400,-0.71
2024-07-10,57747,58040,59394,57185,59600,-0.5
2024-07-09,58039,56721,58234,56306,64250,2.32
2024-07-08,56725,55850,58116,54320,102910,1.55
2024-07-07,55861,58240,58395,55756,41120,-4.12
2024-07-06,58259,56640,58462,56027,46910,2.86
2024-07-05,56642,57026,57471,53883,175510,-0.67
2024-07-04,57026,60201,60463,56813,116380,-5.27
2024-07-03,60199,62105,62264,59467,73340,-3.07
2024-07-02,62103,62888,63257,61798,46520,-1.25
2024-07-01,62890,62769,63842,62558,59940,0.22
2024-06-30,62754,60973,63007,60704,37210,2.92
2024-06-29,60973,60404,61193,60383,26560,0.94
2024-06-28,60403,61685,62175,60082,58950,-2.08
2024-06-27,61685,60848,62351,60629,48790,1.37
2024-06-26,60849,61810,62469,60715,54950,-1.55
2024-06-25,61809,60292,62266,60262,77280,2.52
2024-06-24,60293,63202,63357,58590,120600,-4.59
2024-06-23,63196,64261,64519,63195,19940,-1.66
2024-06-22,64261,64132,64524,63944,17550,0.21
2024-06-21,64128,64854,65055,63428,60860,-1.12
2024-06-20,64854,64982,66474,64567,56240,-0.19
2024-06-19,64981,65160,65706,64706,42960,-0.27
2024-06-18,65160,66496,66571,64098,93720,-2.01
2024-06-17,66499,66673,67254,65115,66090,-0.26
2024-06-16,66675,66223,66951,66038,20740,0.68
2024-06-15,66223,66034,66446,65895,24050,0.29
2024-06-14,66035,66775,67348,65076,65180,-1.11
2024-06-13,66773,68261,68385,66324,66360,-2.18
2024-06-12,68260,67321,69991,66912,85550,1.4
2024-06-11,67320,69538,69573,66198,96700,-3.19
2024-06-10,69538,69650,70152,69260,39120,-0.16
2024-06-09,69651,69310,69848,69137,20990,0.49
2024-06-08,69310,69347,69572,69222,23030,-0.05
2024-06-07,69348,70793,71956,68621,82620,-2.04
2024-06-06,70792,71084,71616,70179,49790,-0.41
2024-06-05,71084,70551,71744,70397,67060,0.76
2024-06-04,70549,68808,71034,68564,75690,2.53
2024-06-03,68808,67763,70131,67617,69420,1.53
2024-06-02,67774,67761,68448,67331,30630,0.02
2024-06-01,67761,67534,67861,67450,19010,0.34
2024-05-31,67530,68352,69018,66677,61510,-1.21
2024-05-30,68355,67631,69505,67138,66840,1.06
2024-05-29,67636,68366,68898,67143,52130,-1.07
2024-05-28,68366,69428,69561,67300,71390,-1.53
2024-05-27,69429,68515,70638,68275,49070,1.33
2024-05-26,68515,69287,69494,68294,24580,-1.11
2024-05-25,69284,68548,69559,68516,25170,1.07
2024-05-24,68548,67971,69212,66686,63280,0.84
2024-05-23,67976,69166,70041,66578,89450,-1.71
2024-05-22,69155,70141,70593,69024,65080,-1.4
2024-05-21,70140,71430,71872,69182,108560,-1.8
2024-05-20,71423,66278,71483,66076,112660,7.76
2024-05-19,66279,66919,67662,65937,36190,-0.95
2024-05-18,66918,67037,67361,66636,29680,-0.18
2024-05-17,67037,65231,67421,65122,63090,2.77
2024-05-16,65231,66220,66644,64623,72550,-1.5
2024-05-15,66225,61569,66417,61358,106050,7.56
2024-05-14,61569,62937,63103,61157,68840,-2.17
2024-05-13,62937,61480,63443,60779,70550,2.37
2024-05-12,61480,60827,61848,60647,27400,1.07
2024-05-11,60827,60797,61488,60499,27500,0.05
2024-05-10,60797,63074,63454,60252,79330,-3.61
2024-05-09,63075,61207,63413,60671,64220,3.05
2024-05-08,61208,62305,62997,60894,56470,-1.78
2024-05-07,62318,63163,64361,62294,59740,-1.34
2024-05-06,63163,64006,65449,62731,77680,-1.32
2024-05-05,64006,63898,64587,62924,40510,0.18
2024-05-04,63888,62887,64466,62599,53030,1.61
2024-05-03,62878,59104,63298,58831,100460,6.35
2024-05-02,59121,58335,59548,56990,98060,1.35
2024-05-01,58331,60665,60828,56644,171550,-3.85
2024-04-30,60667,63852,64700,59229,121040,-5.0
2024-04-29,63860,63114,64193,61837,67260,1.19
2024-04-28,63110,63458,64346,62828,36650,-0.55
2024-04-27,63457,63766,63917,62508,45340,-0.49
2024-04-26,63766,64497,64771,63355,61600,-1.13
2024-04-25,64497,64287,65248,62889,80770,0.33
2024-04-24,64286,66415,67060,63607,77830,-3.21
2024-04-23,66415,66830,67180,65848,52420,-0.62
2024-04-22,66829,64940,67208,64528,72300,2.91
2024-04-21,64940,64942,65681,64268,42020,-0.03
2024-04-20,64961,63818,65376,63132,49330,1.82
2024-04-19,63799,63480,65441,59693,150340,0.5
2024-04-18,63481,61279,64092,60822,97380,3.59
2024-04-17,61279,63802,64452,59821,118920,-3.96
2024-04-16,63805,63416,64274,61716,114960,0.62
2024-04-15,63412,65697,66805,62380,118790,-3.48
2024-04-14,65697,63910,65758,62175,134400,2.89
2024-04-13,63850,67137,67921,61066,149480,-4.92
2024-04-12,67152,70015,71227,65829,131840,-4.08
2024-04-11,70012,70620,71249,69586,72510,-0.86
2024-04-10,70622,69148,71087,67570,97710,2.13
2024-04-09,69148,71627,71737,68265,93690,-3.47
2024-04-08,71630,69358,72711,69110,105780,3.27
2024-04-07,69360,68897,70286,68849,46990,0.68
2024-04-06,68891,67830,69632,67467,41480,1.56
2024-04-05,67831,68499,68692,66023,88970,-0.97
2024-04-04,68496,65968,69239,65096,100300,3.84
2024-04-03,65963,65444,66845,64559,88460,0.8
2024-04-02,65439,69663,69673,64628,152870,-6.07
2024-04-01,69664,71329,71329,68176,94050,-2.34
2024-03-31,71332,69608,71368,69577,42450,2.47
2024-03-30,69612,69872,70321,69565,29870,-0.37
2024-03-29,69872,70767,70907,69091,58990,-1.26
2024-03-28,70762,69449,71542,68957,72490,1.9
2024-03-27,69442,69999,71671,68429,112880,-0.8
2024-03-26,69999,69896,71491,69366,90980,0.15
2024-03-25,69892,67216,71119,66395,124720,3.99
2024-03-24,67212,64036,67588,63813,65590,4.96
2024-03-23,64038,63786,65972,63075,35110,0.4
2024-03-22,63786,65502,66633,62328,72430,-2.62
2024-03-21,65504,67860,68162,64616,75260,-3.46
2024-03-20,67854,62047,68030,60851,133530,9.35
2024-03-19,62050,67594,68100,61561,148080,-8.2
2024-03-18,67594,68390,68920,66601,78070,-1.17
2024-03-17,68391,65314,68858,64606,66070,4.71
2024-03-16,65314,69456,70037,64971,75820,-5.97
2024-03-15,69464,71387,72398,65766,148590,-2.69
2024-03-14,71388,73067,73741,68717,109430,-2.3
2024-03-13,73066,71462,73624,71338,77180,2.23
2024-03-12,71470,72099,72917,68846,105090,-0.87
2024-03-11,72099,68965,72772,67453,114720,4.54
2024-03-10,68965,68361,69905,68165,53490,0.88
2024-03-09,68366,68178,68577,67924,30710,0.29
2024-03-08,68172,66854,69904,66171,112670,1.97
2024-03-07,66855,66075,67986,65603,77470,1.17
2024-03-06,66080,63795,67605,62849,117910,3.59
2024-03-05,63793,68273,69063,60138,207600,-6.56
2024-03-04,68270,63136,68495,62747,130860,8.13
2024-03-03,63136,61956,63227,61399,38010,1.84
2024-03-02,61994,62398,62446,61622,33800,-0.65
2024-03-01,62398,61157,63147,60791,74960,2.01
2024-02-29,61169,62467,63653,60512,119290,-2.08
2024-02-28,62468,57049,63915,56705,173640,9.48
2024-02-27,57056,54491,57555,54464,100480,4.7
2024-02-26,54495,51723,54899,50925,78050,5.36
2024-02-25,51723,51572,51952,51299,23610,0.29
2024-02-24,51572,50740,51690,50592,20990,1.64
2024-02-23,50740,51321,51532,50538,43270,-1.13
2024-02-22,51320,51850,52016,50947,50270,-1.04
2024-02-21,51858,52264,52367,50677,59020,-0.78
2024-02-20,52264,51783,52937,50802,68100,0.93
2024-02-19,51784,52120,52485,51694,36730,-0.64
2024-02-18,52118,51646,52350,51200,26890,0.91
2024-02-17,51646,52134,52176,50652,32450,-0.94
2024-02-16,52134,51901,52557,51613,52860,0.45
2024-02-15,51901,51805,52819,51328,74720,0.23
2024-02-14,51782,49709,52011,49264,80350,4.16
2024-02-13,49716,49941,50327,48398,78510,-0.45
2024-02-12,49941,48280,50277,47730,81850,3.45
2024-02-11,48277,47759,48532,47590,36500,1.09
2024-02-10,47758,47128,48149,46875,31200,1.34
2024-02-09,47128,45293,48119,45254,98110,4.05
2024-02-08,45293,44346,45579,44336,66380,2.15
2024-02-07,44340,43088,44368,42784,48570,2.91
2024-02-06,43088,42698,43376,42567,33320,0.91
2024-02-05,42697,42581,43532,42272,39260,0.27
2024-02-04,42581,43006,43113,42379,20330,-0.99
2024-02-03,43006,43195,43370,42882,14570,-0.44
2024-02-02,43195,43084,43459,42596,42650,0.26
2024-02-01,43081,42580,43263,41890,47690,1.18
2024-01-31,42580,42946,43740,42315,56480,-0.85
2024-01-30,42946,43303,43818,42703,55130,-0.82
2024-01-29,43300,42031,43306,41825,45230,3.02
2024-01-28,42031,42121,42817,41649,32530,-0.21
2024-01-27,42121,41812,42192,41413,20460,0.74
2024-01-26,41811,39942,42215,39831,69470,4.7
2024-01-25,39936,40085,40286,39546,46300,-0.37
2024-01-24,40086,39891,40535,39510,58640,0.49
2024-01-23,39889,39555,40159,38547,82670,0.84
2024-01-22,39556,41582,41685,39468,85100,-4.87
2024-01-21,41583,41695,41878,41504,16110,-0.27
2024-01-20,41695,41648,41858,41450,22270,0.11
2024-01-19,41648,41294,42165,40305,72640,0.86
2024-01-18,41293,42764,42908,40683,70350,-3.45
2024-01-17,42769,43139,43192,42212,50440,-0.87
2024-01-16,43146,42515,43564,42093,63930,1.49
2024-01-15,42511,41748,43349,41719,52080,1.83
2024-01-14,41746,42851,43069,41740,37140,-2.58
2024-01-13,42851,42837,43249,42443,48180,0.04
2024-01-12,42836,46348,46503,41858,136920,-7.58
2024-01-11,46348,46629,48924,45652,131040,-0.6
2024-01-10,46629,46112,47654,44404,131480,1.08
2024-01-09,46129,46959,47880,45334,100090,-1.77
2024-01-08,46962,43934,47197,43251,103090,6.91
2024-01-07,43927,43974,44481,43628,29530,-0.09
2024-01-06,43968,44157,44203,43424,24260,-0.43
2024-01-05,44157,44163,44312,42629,68070,0.0
2024-01-04,44157,42836,44744,42633,68050,3.08
2024-01-03,42836,44944,45493,40888,117650,-4.69
2024-01-02,44944,44183,45885,44166,97840,1.72
2024-01-01,44183,42272,44187,42197,36300,4.52
2023-12-31,42272,42142,42879,41971,35580,0.32
2023-12-30,42137,42075,42592,41527,35180,0.15
2023-12-29,42072,42581,43108,41459,60980,-1.19
2023-12-28,42581,43446,43783,42309,49840,-1.99
2023-12-27,43446,42514,43677,42115,50100,2.2
2023-12-26,42513,43580,43595,41797,56030,-2.44
2023-12-25,43578,42982,43793,42745,32670,1.39
2023-12-24,42982,43710,43936,42748,30860,-1.67
2023-12-23,43710,43969,43995,43326,21290,-0.59
2023-12-22,43969,43866,44395,43419,44500,0.23
2023-12-21,43866,43660,44242,43310,48960,0.47
2023-12-20,43663,42260,44279,42217,70190,3.32
2023-12-19,42259,42660,43473,41843,55290,-0.94
2023-12-18,42660,41369,42728,40554,61580,3.12
2023-12-17,41369,42272,42413,41277,35460,-2.14
2023-12-16,42272,41929,42690,41698,30110,0.82
2023-12-15,41929,43025,43081,41698,45280,-2.55
2023-12-14,43026,42886,43393,41591,59150,0.33
2023-12-13,42884,41487,43418,40649,63110,3.37
2023-12-12,41487,41256,42071,40692,57040,0.56
2023-12-11,41256,43791,43806,40277,105190,-5.79
2023-12-10,43791,43717,44045,43577,23810,0.17
2023-12-09,43718,44176,44361,43617,31670,-1.03
2023-12-08,44176,43288,44698,43108,58440,2.05
2023-12-07,43290,43774,44046,42860,63090,-1.11
2023-12-06,43776,44076,44284,43467,72520,-0.68
2023-12-05,44076,41990,44424,41425,96840,4.97
2023-12-04,41988,39969,42394,39969,104210,5.05
2023-12-03,39970,39457,40179,39280,35270,1.3
2023-12-02,39458,38688,39673,38646,37090,1.99
2023-12-01,38688,37713,38951,37618,62500,2.59
2023-11-30,37713,37858,38144,37509,33530,-0.38
2023-11-29,37856,37823,38363,37608,49340,0.09
2023-11-28,37823,37244,38379,36881,57500,1.54
2023-11-27,37249,37452,37563,36752,45240,-0.54
2023-11-26,37452,37786,37819,37166,29200,-0.89
2023-11-25,37787,37719,37887,37600,16090,0.18
2023-11-24,37717,37295,38401,37257,65830,1.14
2023-11-23,37293,37411,37642,36915,32350,-0.31
2023-11-22,37411,35798,37862,35696,64810,4.46
2023-11-21,35814,37453,37631,35799,71070,-4.38
2023-11-20,37454,37357,37736,36858,51800,0.27
2023-11-19,37354,36569,37505,36393,26140,2.15
2023-11-18,36569,36618,36845,36221,20880,-0.07
2023-11-17,36595,36162,36691,35875,51370,1.2
2023-11-16,36161,37874,37908,35562,66920,-4.52
2023-11-15,37875,35549,37954,35380,75510,6.54
2023-11-14,35549,36478,36744,34984,63560,-2.55
2023-11-13,36478,37068,37405,36358,44550,-1.58
2023-11-12,37064,37149,37215,36762,21450,-0.23
2023-11-11,37150,37306,37401,36768,29530,-0.41
2023-11-10,37303,36700,37496,36347,59560,1.64
2023-11-09,36700,35637,37942,35578,115560,2.98
2023-11-08,35637,35426,36050,35149,46330,0.6
2023-11-07,35426,35042,35878,34537,53490,1.1
2023-11-06,35042,35020,35276,34743,29810,0.06
2023-11-05,35019,35066,35360,34550,31020,-0.13
2023-11-04,35066,34719,35242,34601,23800,1.0
2023-11-03,34719,34931,34941,34124,54540,-0.61
2023-11-02,34931,35424,35908,34357,63660,-1.39
2023-11-01,35424,34648,35558,34139,71660,2.23
2023-10-31,34651,34479,34705,34054,43400,0.5
2023-10-30,34478,34527,34853,34090,45200,-0.14
2023-10-29,34527,34083,34738,33938,27720,1.3
2023-10-28,34083,33902,34388,33867,22000,0.53
2023-10-27,33902,34154,34246,33424,47330,-0.74
2023-10-26,34154,34498,34826,33750,56620,-0.99
2023-10-25,34497,33917,35124,33713,75810,1.71
2023-10-24,33917,33037,35191,32866,159080,2.65
2023-10-23,33042,29984,34376,29891,133460,10.2
2023-10-22,29984,29913,30193,29714,29070,0.24
2023-10-21,29913,29675,30265,29469,34680,0.8
2023-10-20,29674,28724,30166,28586,82680,3.31
2023-10-19,28723,28322,28884,28170,50100,1.42
2023-10-18,28322,28405,28876,28169,45010,-0.29
2023-10-17,28404,28508,28608,28097,53420,-0.37
2023-10-16,28510,27161,29970,27120,119180,4.96
2023-10-15,27161,26853,27287,26813,21950,1.15
2023-10-14,26853,26864,26976,26805,13560,-0.04
2023-10-13,26864,26761,27115,26683,33660,0.38
2023-10-12,26761,26878,26943,26565,32750,-0.43
2023-10-11,26877,27392,27476,26558,55780,-1.88
2023-10-10,27391,27582,27728,27300,34320,-0.69
2023-10-09,27581,27923,27986,27280,44810,-1.22
2023-10-08,27923,27961,28098,27714,24110,-0.14
2023-10-07,27961,27936,28021,27859,17290,0.09
2023-10-06,27937,27410,28224,27196,52510,1.92
2023-10-05,27410,27784,28089,27372,46260,-1.37
2023-10-04,27791,27429,27833,27242,40930,1.32
2023-10-03,27428,27502,27671,27194,44060,-0.28
2023-10-02,27505,27975,28557,27325,84300,-1.68
2023-10-01,27974,26962,28038,26956,35110,3.75
2023-09-30,26963,26908,27086,26888,17550,0.2
2023-09-29,26910,27023,27230,26729,42240,-0.42
2023-09-28,27023,26368,27284,26339,64560,2.49
2023-09-27,26366,26219,26837,26109,50800,0.56
2023-09-26,26219,26303,26396,26093,26410,-0.32
2023-09-25,26303,26252,26424,26014,38200,0.2
2023-09-24,26252,26579,26728,26162,22320,-1.23
2023-09-23,26579,26582,26636,26518,12920,-0.01
2023-09-22,26582,26570,26736,26488,28790,0.04
2023-09-21,26570,27125,27156,26382,47810,-2.05
2023-09-20,27125,27209,27379,26852,47230,-0.31
2023-09-19,27209,26759,27481,26672,52170,1.67
2023-09-18,26764,26530,27413,26405,63350,0.88
2023-09-17,26529,26562,26614,26409,16570,-0.12
2023-09-16,26562,26600,26769,26464,18450,-0.15
2023-09-15,26601,26523,26837,26233,36470,0.29
2023-09-14,26525,26223,26760,26149,53820,1.15
2023-09-13,26223,25836,26382,25767,42580,1.5
2023-09-12,25834,25166,26473,25134,78710,2.65
2023-09-11,25166,25840,25897,24923,56320,-2.61
2023-09-10,25840,25901,25995,25627,23600,-0.24
2023-09-09,25901,25910,25938,25814,13480,-0.03
2023-09-08,25910,26248,26415,25702,41010,-1.3
2023-09-07,26250,25758,26418,25626,39770,1.91
2023-09-06,25758,25790,26018,25412,37780,-0.13
2023-09-05,25790,25824,25864,25596,28400,-0.13
2023-09-04,25823,25971,26094,25661,27130,-0.57
2023-09-03,25971,25870,26090,25817,21360,0.39
2023-09-02,25870,25804,25977,25753,21240,0.26
2023-09-01,25803,25938,26145,25362,58080,-0.52
2023-08-31,25937,27301,27464,25731,69110,-4.99
2023-08-30,27299,27724,27757,27043,46540,-1.53
2023-08-29,27724,26118,28046,25920,98320,6.14
2023-08-28,26119,26101,26216,25891,28840,0.07
2023-08-27,26101,26017,26177,25969,14290,0.32
2023-08-26,26017,26057,26114,25994,12090,-0.15
2023-08-25,26057,26176,26266,25812,39960,-0.46
2023-08-24,26177,26436,26560,25944,41040,-0.98
2023-08-23,26436,26042,26808,25813,60960,1.52
2023-08-22,26040,26127,26139,25482,47720,-0.33
2023-08-21,26126,26191,26221,25851,41100,-0.25
2023-08-20,26191,26100,26269,25998,24000,0.35
2023-08-19,26099,26053,26262,25800,33040,0.18
2023-08-18,26053,26636,26802,25691,93050,-2.19
2023-08-17,26636,28726,28772,25489,132920,-7.28
2023-08-16,28726,29195,29251,28718,43710,-1.61
2023-08-15,29195,29427,29472,29119,33810,-0.79
2023-08-14,29427,29300,29689,29116,39300,0.43
2023-08-13,29300,29428,29468,29272,13490,-0.44
2023-08-12,29428,29421,29481,29375,11070,0.02
2023-08-11,29421,29449,29545,29271,27710,-0.1
2023-08-10,29449,29578,29719,29378,32000,-0.44
2023-08-09,29578,29771,30104,29384,49670,-0.67
2023-08-08,29777,29204,30169,29138,62570,1.96
2023-08-07,29204,29081,29270,28721,41190,0.42
2023-08-06,29081,29068,29199,28987,16030,0.05
2023-08-05,29068,29106,29139,28983,14550,-0.13
2023-08-04,29106,29189,29319,28876,31430,-0.29
2023-08-03,29189,29181,29410,28981,36080,0.05
2023-08-02,29174,29712,30026,28962,67410,-1.81
2023-08-01,29712,29232,29712,28611,64010,1.64
2023-07-31,29232,29282,29502,29128,31840,-0.17
2023-07-30,29282,29354,29447,29054,20580,-0.24
2023-07-29,29354,29315,29400,29257,13900,0.13
2023-07-28,29315,29223,29533,29125,31420,0.32
2023-07-27,29223,29353,29569,29094,30420,-0.44
2023-07-26,29352,29229,29682,29110,44330,0.42
2023-07-25,29229,29178,29365,29059,29050,0.17
2023-07-24,29178,30086,30098,28891,55730,-3.02
2023-07-23,30086,29789,30337,29736,23320,1.0
2023-07-22,29789,29904,29988,29657,18470,-0.38
2023-07-21,29903,29801,30059,29740,32590,0.34
2023-07-20,29801,29910,30408,29621,50330,-0.36
2023-07-19,29910,29867,30186,29789,34960,0.14
2023-07-18,29867,30140,30242,29625,42400,-0.91
2023-07-17,30140,30236,30336,29693,42840,-0.32
2023-07-16,30236,30292,30435,30075,20310,-0.18
2023-07-15,30291,30317,30395,30247,17060,-0.09
2023-07-14,30317,31465,31603,29944,82420,-3.65
2023-07-13,31466,30387,31764,30260,99810,3.55
2023-07-12,30387,30623,30951,30232,54060,-0.77
2023-07-11,30623,30414,30782,30334,39840,0.68
2023-07-10,30415,30167,31020,29969,55240,0.82
2023-07-09,30167,30289,30426,30072,20050,-0.4
2023-07-08,30289,30347,30380,30056,17410,-0.19
2023-07-07,30346,29913,30442,29757,46420,1.45
2023-07-06,29913,30513,31464,29869,90810,-1.97
2023-07-05,30513,30769,30876,30233,43230,-0.83
2023-07-04,30768,31152,31326,30658,42120,-1.23
2023-07-03,31151,30618,31377,30582,56490,1.74
2023-07-02,30618,30587,30769,30228,28820,0.1
2023-07-01,30587,30473,30650,30329,22460,0.37
2023-06-30,30473,30446,31276,29714,118650,0.09
2023-06-29,30446,30077,30823,30051,49570,1.22
2023-06-28,30079,30692,30703,29920,51060,-1.99
2023-06-27,30689,30267,30994,30231,55820,1.39
2023-06-26,30267,30466,30646,29986,58710,-0.65
2023-06-25,30465,30534,31040,30316,37120,-0.22
2023-06-24,30534,30681,30795,30269,38150,-0.48
2023-06-23,30679,29890,31395,29823,98850,2.64
2023-06-22,29890,29993,30498,29590,79220,-0.35
2023-06-21,29997,28308,30770,28270,143490,5.97
2023-06-20,28308,26846,28393,26666,100550,5.44
2023-06-19,26846,26340,27030,26295,46450,1.92
2023-06-18,26340,26515,26679,26291,27310,-0.66
2023-06-17,26515,26341,26767,26184,35860,0.66
2023-06-16,26341,25592,26473,25276,69240,2.93
2023-06-15,25591,25130,25733,24838,68380,1.84
2023-06-14,25130,25929,26052,24847,60820,-3.08
2023-06-13,25929,25907,26429,25726,56240,0.09
2023-06-12,25907,25928,26081,25635,40750,-0.08
2023-06-11,25928,25843,26190,25661,39200,0.33
2023-06-10,25844,26479,26525,25468,83570,-2.4
2023-06-09,26479,26501,26774,26327,38960,-0.08
2023-06-08,26501,26342,26784,26231,39950,0.6
2023-06-07,26342,27230,27342,26141,77480,-3.26
2023-06-06,27230,25746,27325,25426,88610,5.76
2023-06-05,25747,27122,27126,25438,85420,-5.07
2023-06-04,27122,27071,27410,26956,23810,0.19
2023-06-03,27072,27246,27318,26931,20620,-0.63
2023-06-02,27245,26819,27299,26541,49370,1.59
2023-06-01,26819,27216,27341,26662,51980,-1.46
2023-05-31,27216,27697,27825,26865,63080,-1.74
2023-05-30,27698,27739,28034,27584,45190,-0.15
2023-05-29,27739,28068,28431,27549,54560,-1.18
2023-05-28,28071,26855,28182,26788,55230,4.52
2023-05-27,26858,26711,26883,26591,18680,0.55
2023-05-26,26712,26476,26912,26330,45880,0.89
2023-05-25,26476,26327,26589,25892,50170,0.56
2023-05-24,26328,27221,27221,26089,72650,-3.28
2023-05-23,27221,26852,27448,26804,50890,1.39
2023-05-22,26847,26750,27049,26546,35560,0.36
2023-05-21,26750,27116,27257,26678,27420,-1.35
2023-05-20,27116,26883,27147,26831,17720,0.87
2023-05-19,26883,26828,27155,26711,36670,0.2
2023-05-18,26828,27404,27467,26450,63390,-2.1
2023-05-17,27403,27036,27465,26598,58140,1.36
2023-05-16,27035,27184,27295,26882,45290,-0.55
2023-05-15,27184,26920,27652,26752,53270,0.98
2023-05-14,26920,26777,27176,26610,26350,0.53
2023-05-13,26778,26799,27012,26696,27950,-0.08
2023-05-12,26799,26983,27044,25853,87490,-0.68
2023-05-11,26984,27604,27607,26766,62850,-2.25
2023-05-10,27603,27634,28312,26886,91450,-0.11
2023-05-09,27635,27670,27816,27366,49750,-0.13
2023-05-08,27670,28425,28628,27280,85720,-2.65
2023-05-07,28425,28857,29122,28420,36500,-1.5
2023-05-06,28857,29513,29816,28415,58940,-2.22
2023-05-05,29513,28842,29654,28825,74520,2.33
2023-05-04,28842,29024,29353,28687,53800,-0.63
2023-05-03,29024,28669,29245,28164,81220,1.24
2023-05-02,28669,28079,28877,27913,65330,2.11
2023-05-01,28078,29252,29330,27686,84360,-4.02
2023-04-30,29252,29235,29941,29095,47620,0.06
2023-04-29,29234,29318,29426,29058,25720,-0.3
2023-04-28,29322,29476,29587,28928,69880,-0.52
2023-04-27,29476,28424,29860,28392,121630,3.7
2023-04-26,28425,28299,29996,27308,164310,0.44
2023-04-25,28299,27510,28376,27201,65310,2.87
2023-04-24,27509,27591,27979,27054,66740,-0.3
2023-04-23,27591,27814,27815,27388,41770,-0.8
2023-04-22,27814,27265,27872,27166,44300,2.01
2023-04-21,27265,28240,28353,27171,98720,-3.46
2023-04-20,28240,28814,29082,28032,95450,-1.99
2023-04-19,28814,30382,30408,28641,111270,-5.16
2023-04-18,30382,29434,30470,29149,76580,3.22
2023-04-17,29435,30311,30312,29274,71900,-2.89
2023-04-16,30310,30299,30545,30135,34480,0.04
2023-04-15,30300,30473,30586,30209,31710,-0.57
2023-04-14,30472,30387,30965,30026,98380,0.28
2023-04-13,30387,29892,30524,29864,65870,1.68
2023-04-12,29886,30210,30473,29680,78690,-1.07
2023-04-11,30210,29641,30485,29598,89380,1.92
2023-04-10,29641,28326,29755,28183,85730,4.64
2023-04-09,28327,27941,28523,27809,39350,1.38
2023-04-08,27941,27910,28153,27864,23730,0.11
2023-04-07,27910,28038,28102,27779,30940,-0.45
2023-04-06,28037,28174,28174,27734,51290,-0.49
2023-04-05,28174,28164,28744,27824,77320,0.03
2023-04-04,28164,27802,28429,27669,64060,1.3
2023-04-03,27802,28195,28458,27257,98000,-1.41
2023-04-02,28198,28456,28523,27872,45040,-0.91
2023-04-01,28456,28474,28795,28286,38090,-0.06
2023-03-31,28474,28029,28646,27588,98440,1.58
2023-03-30,28030,28350,29160,27717,122510,-1.13
2023-03-29,28350,27263,28627,27250,109320,3.99
2023-03-28,27262,27128,27465,26666,94160,0.49
2023-03-27,27130,27975,28023,26612,107240,-3.02
2023-03-26,27974,27475,28154,27429,60640,1.81
2023-03-25,27476,27462,27762,27177,61360,0.05
2023-03-24,27462,28307,28374,27026,110360,-3.0
2023-03-23,28311,27263,28734,27145,158460,3.85
2023-03-22,27262,28114,28760,26669,262030,-3.03
2023-03-21,28114,27720,28438,27351,438780,1.42
2023-03-20,27720,27959,28458,27157,503900,-0.85
2023-03-19,27959,26914,28347,26845,393270,3.88
2023-03-18,26914,27392,27659,26689,392470,-1.74
2023-03-17,27392,25004,27742,24900,674960,9.55
2023-03-16,25004,24283,25139,24148,462580,2.97
2023-03-15,24283,24700,25109,23932,614310,-1.69
2023-03-14,24700,24122,26366,23995,753060,2.43
2023-03-13,24114,21995,24406,21860,733630,9.64
2023-03-12,21995,20465,22029,20294,455690,7.46
2023-03-11,20468,20156,20670,19797,453460,1.54
2023-03-10,20157,20362,20363,19592,655270,-1.01
2023-03-09,20362,21711,21826,20080,468760,-6.21
2023-03-08,21711,22198,22274,21661,316510,-2.19
2023-03-07,22198,22410,22535,21969,304750,-0.95
2023-03-06,22410,22428,22595,22320,215310,-0.08
2023-03-05,22428,22347,22637,22214,160570,0.36
2023-03-04,22347,22355,22404,22167,123930,-0.03
2023-03-03,22354,23466,23473,22052,344630,-4.73
2023-03-02,23465,23642,23780,23209,249260,-0.75
2023-03-01,23642,23131,23914,23025,328770,2.21
2023-02-28,23130,23494,23595,23034,275100,-1.55
2023-02-27,23494,23559,23876,23167,297650,-0.27
2023-02-26,23559,23166,23672,23066,209120,1.69
2023-02-25,23166,23191,23215,22777,198350,-0.11
2023-02-24,23192,23936,24123,22970,367990,-3.11
2023-02-23,23936,24187,24590,23638,417460,-1.03
2023-02-22,24187,24451,24474,23593,400240,-1.08
2023-02-21,24451,24840,25237,24161,395970,-1.57
2023-02-20,24840,24303,25085,23869,363020,2.21
2023-02-19,24303,24631,25175,24274,312640,-1.33
2023-02-18,24631,24574,24839,24457,223770,0.24
2023-02-17,24574,23538,24985,23373,523850,4.39
2023-02-16,23540,24328,25234,23526,484500,-3.24
2023-02-15,24328,22198,24331,22051,401530,9.59
2023-02-14,22198,21777,22309,21556,378390,1.96
2023-02-13,21773,21783,21888,21419,312040,-0.07
2023-02-12,21787,21860,22081,21653,211650,-0.33
2023-02-11,21860,21627,21903,21605,182070,1.04
2023-02-10,21635,21792,21934,21492,352790,-0.72
2023-02-09,21792,22965,23004,21745,425440,-5.1
2023-02-08,22965,23252,23425,22692,289120,-1.23
2023-02-07,23252,22762,23339,22748,318980,2.15
2023-02-06,22762,22936,23131,22634,278580,-0.76
2023-02-05,22936,23327,23423,22766,217260,-1.66
2023-02-04,23324,23431,23572,23270,170270,-0.46
2023-02-03,23431,23429,23694,23234,349360,0.02
2023-02-02,23428,23726,24207,23398,382860,-1.26
2023-02-01,23726,23125,23784,22810,333180,2.6
2023-01-31,23125,22832,23263,22725,289380,1.28
2023-01-30,22832,23746,23794,22560,339620,-3.88
2023-01-29,23753,23024,23953,22973,320860,3.15
2023-01-28,23028,23075,23182,22890,156960,-0.2
2023-01-27,23075,23016,23480,22603,310360,0.25
2023-01-26,23016,23055,23260,22869,320970,-0.17
2023-01-25,23055,22632,23779,22366,388180,1.87
2023-01-24,22632,22916,23156,22517,334170,-1.23
2023-01-23,22916,22709,23162,22528,327850,0.91
2023-01-22,22708,22776,23069,22323,280640,-0.3
2023-01-21,22776,22678,23304,22461,382690,0.43
2023-01-20,22677,21075,22718,20879,373740,7.57
2023-01-19,21081,20671,21169,20670,275760,1.99
2023-01-18,20671,21137,21584,20448,388670,-2.21
2023-01-17,21137,21184,21506,20926,310040,-0.22
2023-01-16,21184,20880,21417,20699,337460,1.46
2023-01-15,20880,20956,21032,20586,205800,-0.37
2023-01-14,20958,19927,21186,19899,458210,5.17
2023-01-13,19927,18851,19982,18724,426670,5.71
2023-01-12,18851,17941,19055,17916,522010,5.07
2023-01-11,17942,17440,17990,17324,291530,2.89
2023-01-10,17439,17180,17491,17152,247140,1.51
2023-01-09,17180,17119,17391,17107,301240,0.36
2023-01-08,17119,16944,17119,16914,144840,1.04
2023-01-07,16944,16951,16980,16910,110480,-0.04
2023-01-06,16951,16830,17012,16708,233470,0.72
2023-01-05,16830,16852,16878,16772,178960,-0.13
2023-01-04,16852,16674,16976,16656,247390,1.07
2023-01-03,16674,16673,16773,16607,178730,0.0
2023-01-02,16674,16618,16767,16551,136030,0.34
2023-01-01,16618,16538,16622,16500,107840,0.49
2022-12-31,16537,16607,16636,16487,130440,-0.42
2022-12-30,16607,16636,16644,16360,192760,-0.18
2022-12-29,16636,16546,16659,16497,181470,0.55
2022-12-28,16546,16706,16781,16474,217960,-0.96
2022-12-27,16706,16918,16964,16610,192180,-1.25
2022-12-26,16918,16832,16936,16799,133360,0.51
2022-12-25,16832,16836,16853,16733,132890,-0.03
2022-12-24,16837,16779,16856,16778,110120,0.35
2022-12-23,16779,16820,16911,16768,184120,-0.25
2022-12-22,16821,16832,16862,16566,198280,-0.07
2022-12-21,16832,16903,16919,16735,174340,-0.42
2022-12-20,16903,16441,17031,16401,284570,2.81
2022-12-19,16441,16741,16810,16331,207930,-1.79
2022-12-18,16741,16777,16826,16666,124290,-0.21
2022-12-17,16777,16629,16794,16587,164490,0.89
2022-12-16,16630,17357,17518,16542,303560,-4.19
2022-12-15,17356,17796,17846,17298,263440,-2.47
2022-12-14,17796,17779,18352,17682,318980,0.1
2022-12-13,17779,17211,17952,17094,328710,3.3
2022-12-12,17210,17093,17232,16878,249390,0.68
2022-12-11,17093,17127,17263,17081,167200,-0.2
2022-12-10,17127,17126,17220,17106,148810,0.01
2022-12-09,17126,17226,17289,17082,260840,-0.58
2022-12-08,17226,16835,17294,16766,261640,2.32
2022-12-07,16835,17089,17127,16715,244360,-1.49
2022-12-06,17089,16966,17101,16915,246190,0.72
2022-12-05,16966,17107,17395,16887,268720,-0.85
2022-12-04,17113,16885,17198,16882,197120,1.35
2022-12-03,16884,17093,17133,16862,169290,-1.22
2022-12-02,17094,16972,17096,16800,227010,0.72
2022-12-01,16972,17163,17245,16869,266140,-1.12
2022-11-30,17164,16441,17216,16433,348220,4.4
2022-11-29,16440,16212,16531,16100,271580,1.41
2022-11-28,16212,16426,16481,16014,284840,-1.3
2022-11-27,16426,16456,16595,16415,173250,-0.19
2022-11-26,16456,16512,16686,16388,194940,-0.34
2022-11-25,16512,16601,16612,16361,204070,-0.54
2022-11-24,16601,16605,16786,16472,229590,-0.14
2022-11-23,16624,16217,16678,16162,305080,2.53
2022-11-22,16213,15777,16275,15620,287210,2.77
2022-11-21,15776,16279,16288,15504,372150,-3.13
2022-11-20,16287,16699,16749,16209,172830,-2.47
2022-11-19,16699,16652,16815,16609,114890,0.37
2022-11-18,16638,16715,16846,16553,241960,-0.32
2022-11-17,16691,16540,16740,16426,257000,0.91
2022-11-16,16540,16895,16993,16408,295730,-2.1
2022-11-15,16895,16615,17112,16544,337150,1.69
2022-11-14,16614,16325,17158,15834,442460,1.77
2022-11-13,16324,16804,16946,16275,210800,-2.8
2022-11-12,16795,17050,17101,16634,192910,-1.49
2022-11-11,17050,17589,17679,16436,466350,-3.07
2022-11-10,17589,15887,18138,15799,720740,10.71
2022-11-09,15887,18539,18584,15603,869570,-14.25
2022-11-08,18527,20589,20668,17260,865100,-10.01
2022-11-07,20589,20916,21055,20410,414240,-1.56
2022-11-06,20916,21299,21360,20901,242260,-1.81
2022-11-05,21302,21146,21465,21084,261230,0.74
2022-11-04,21146,20206,21282,20185,499500,4.65
2022-11-03,20206,20154,20384,20067,347230,0.26
2022-11-02,20154,20483,20778,20066,420230,-1.61
2022-11-01,20484,20496,20677,20348,302720,-0.06
2022-10-31,20496,20626,20822,20260,327470,-0.63
2022-10-30,20626,20809,20922,20522,207630,-0.88
2022-10-29,20810,20594,21038,20562,276540,1.05
2022-10-28,20594,20293,20744,20058,318900,1.49
2022-10-27,20293,20770,20868,20232,365490,-2.29
2022-10-26,20770,20087,20982,20063,427990,3.42
2022-10-25,20083,19332,20407,19249,371540,3.89
2022-10-24,19332,19571,19589,19177,286940,-1.22
2022-10-23,19571,19205,19681,19092,180630,1.91
2022-10-22,19205,19163,19250,19116,118240,0.22
2022-10-21,19163,19043,19246,18703,294660,0.63
2022-10-20,19043,19125,19334,18936,253200,-0.42
2022-10-19,19124,19328,19359,19101,209280,-1.06
2022-10-18,19328,19548,19693,19103,290070,-1.13
2022-10-17,19548,19262,19664,19164,248400,1.49
2022-10-16,19262,19069,19412,19066,140950,1.01
2022-10-15,19069,19182,19219,19001,123660,-0.59
2022-10-14,19182,19380,19934,19099,400450,-1.02
2022-10-13,19380,19155,19494,18208,455130,1.17
2022-10-12,19155,19058,19213,19011,242180,0.5
2022-10-11,19059,19134,19261,18869,288570,-0.39
2022-10-10,19135,19442,19521,19057,243770,-1.58
2022-10-09,19441,19416,19552,19330,127530,0.13
2022-10-08,19415,19530,19612,19275,113500,-0.6
2022-10-07,19531,19962,20051,19352,263500,-2.13
2022-10-06,19957,20158,20437,19874,370600,-1.0
2022-10-05,20158,20340,20354,19762,352760,-0.9
2022-10-04,20340,19630,20436,19506,368170,3.63
2022-10-03,19628,19058,19676,19001,333030,3.02
2022-10-02,19052,19312,19390,18937,222820,-1.34
2022-10-01,19312,19423,19480,19173,173910,-0.57
2022-09-30,19423,19593,20175,19209,490290,-0.87
2022-09-29,19593,19420,19632,18878,449570,0.94
2022-09-28,19411,19083,19758,18505,581190,1.73
2022-09-27,19081,19229,20361,18850,660120,-0.75
2022-09-26,19226,18803,19305,18695,516030,2.25
2022-09-25,18803,18925,19125,18660,209710,-0.64
2022-09-24,18925,19288,19311,18812,258500,-1.91
2022-09-23,19294,19404,19477,18555,431150,-0.57
2022-09-22,19404,18488,19491,18371,448630,4.95
2022-09-21,18489,18875,19758,18192,446850,-2.03
2022-09-20,18872,19539,19626,18743,361180,-3.41
2022-09-19,19539,19417,19667,18278,423430,0.62
2022-09-18,19419,20114,20114,19348,273110,-3.45
2022-09-17,20114,19803,20179,19761,204580,1.57
2022-09-16,19802,19702,19883,19353,315590,0.51
2022-09-15,19702,20222,20321,19532,358420,-2.58
2022-09-14,20222,20176,20504,19654,374220,0.23
2022-09-13,20176,22395,22702,19910,485320,-9.91
2022-09-12,22395,21837,22465,21582,431980,2.57
2022-09-11,21835,21650,21836,21363,297120,0.85
2022-09-10,21650,21364,21791,21140,331120,1.33
2022-09-09,21365,19319,21546,19294,480370,10.6
2022-09-08,19317,19282,19445,19034,291430,0.19
2022-09-07,19282,18786,19446,18548,319100,2.64
2022-09-06,18786,19793,20169,18723,402430,-5.09
2022-09-05,19793,20000,20043,19651,238710,-1.03
2022-09-04,20000,19832,20018,19595,158270,0.85
2022-09-03,19831,19953,20044,19661,157850,-0.61
2022-09-02,19953,20132,20428,19765,272220,-0.86
2022-09-01,20126,20050,20203,19584,275080,0.41
2022-08-31,20044,19793,20469,19793,318170,1.27
2022-08-30,19793,20296,20558,19560,308410,-2.48
2022-08-29,20296,19551,20394,19551,248040,3.81
2022-08-28,19550,20034,20151,19543,159600,-2.41
2022-08-27,20034,20250,20344,19850,187340,-1.07
2022-08-26,20250,21564,21815,20122,322160,-6.1
2022-08-25,21565,21365,21801,21325,190150,0.94
2022-08-24,21365,21516,21832,21171,202400,-0.71
2022-08-23,21517,21416,21661,20920,228650,0.47
2022-08-22,21416,21517,21517,20912,251830,-0.47
2022-08-21,21517,21139,21692,21077,177520,1.79
2022-08-20,21139,20831,21357,20785,206940,1.48
2022-08-19,20831,23202,23202,20808,339470,-10.22
2022-08-18,23204,23338,23578,23131,160970,-0.58
2022-08-17,23338,23856,24424,23192,239530,-2.17
2022-08-16,23857,24103,24241,23694,201700,-1.02
2022-08-15,24102,24303,25206,23784,279280,-0.83
2022-08-14,24303,24442,24997,24172,177250,-0.57
2022-08-13,24442,24399,24883,24319,170590,0.18
2022-08-12,24399,23935,24441,23616,194960,1.94
2022-08-11,23935,23963,24874,23864,285360,-0.12
2022-08-10,23963,23150,24210,22715,243610,3.53
2022-08-09,23147,23818,23912,22886,169620,-2.81
2022-08-08,23816,23175,24234,23161,197940,2.77
2022-08-07,23175,22944,23388,22852,99360,1.01
2022-08-06,22944,23308,23344,22924,94440,-1.56
2022-08-05,23308,22613,23448,22594,208900,3.08
2022-08-04,22612,22822,23214,22439,181190,-0.91
2022-08-03,22821,22989,23624,22699,174660,-0.73
2022-08-02,22989,23271,23423,22671,177300,-1.21
2022-08-01,23271,23303,23484,22864,162330,-0.14
2022-07-31,23303,23634,24179,23236,138840,-1.4
2022-07-30,23634,23774,24605,23522,168720,-0.59
2022-07-29,23774,23850,24340,23451,221660,-0.32
2022-07-28,23850,22958,24190,22612,268320,3.88
2022-07-27,22958,21248,23028,21048,242660,8.05
2022-07-26,21249,21302,21322,20737,201570,-0.25
2022-07-25,21302,22582,22653,21275,206930,-5.67
2022-07-24,22582,22450,22988,22281,126660,0.54
2022-07-23,22460,22684,22991,21972,137420,-0.95
2022-07-22,22675,23150,23741,22524,197540,-2.06
2022-07-21,23153,23220,23404,22360,217080,-0.27
2022-07-20,23215,23412,24258,22944,281310,-0.83
2022-07-19,23410,22529,23757,21582,308910,3.93
2022-07-18,22526,20786,22715,20771,279720,8.37
2022-07-17,20786,21210,21654,20755,132810,-2.0
2022-07-16,21210,20825,21561,20484,136890,1.85
2022-07-15,20825,20586,21178,20393,164670,1.16
2022-07-14,20586,20250,20862,19665,205280,1.66
2022-07-13,20250,19332,20251,18942,249380,4.75
2022-07-12,19331,19963,20052,19280,167910,-3.17
2022-07-11,19963,20847,20855,19897,160200,-4.24
2022-07-10,20847,21587,21599,20690,204680,-3.43
2022-07-09,21588,21610,21944,21338,190110,-0.11
2022-07-08,21611,21637,22482,21207,439900,-0.12
2022-07-07,21638,20558,21818,20283,115810,5.24
2022-07-06,20561,20180,20655,19785,105240,1.78
2022-07-05,20201,20216,20707,19315,122430,-0.08
2022-07-04,20216,19311,20304,19052,92790,4.69
2022-07-03,19310,19243,19626,18794,65270,0.35
2022-07-02,19243,19275,19425,19006,58570,-0.1
2022-07-01,19263,19927,20786,18980,150180,-3.33
2022-06-30,19927,20111,20155,18683,127730,-0.92
2022-06-29,20111,20278,20416,19881,98970,-0.82
2022-06-28,20278,20728,21200,20210,83830,-2.18
2022-06-27,20730,21038,21498,20568,84690,-1.49
2022-06-26,21044,21490,21837,20990,67210,-2.08
2022-06-25,21490,21227,21553,20918,66630,1.24
2022-06-24,21227,21101,21489,20744,104560,0.6
2022-06-23,21101,19967,21190,19908,110700,5.68
2022-06-22,19966,20720,20864,19780,125940,-3.64
2022-06-21,20720,20572,21689,20372,136320,0.72
2022-06-20,20572,20577,20997,19659,140600,-0.02
2022-06-19,20577,18983,20764,17984,169390,8.38
2022-06-18,18986,20446,20745,17630,267250,-7.13
2022-06-17,20445,20391,21315,20244,136270,0.28
2022-06-16,20387,22578,22942,20231,144000,-9.71
2022-06-15,22578,22138,22754,20126,280410,1.9
2022-06-14,22157,22449,23200,20861,251010,-1.29
2022-06-13,22448,26606,26858,22006,379260,-15.63
2022-06-12,26606,28404,28535,26606,120020,-6.33
2022-06-11,28403,29083,29427,28162,82920,-2.34
2022-06-10,29083,30097,30326,28885,104260,-3.37
2022-06-09,30098,30202,30691,29954,61720,-0.34
2022-06-08,30202,31127,31312,29875,87960,-2.98
2022-06-07,31129,31370,31557,29235,140320,-0.76
2022-06-06,31368,29911,31753,29889,94010,4.86
2022-06-05,29913,29865,30167,29539,30330,0.16
2022-06-04,29864,29701,29964,29490,33510,0.55
2022-06-03,29701,30456,30675,29331,72130,-2.48
2022-06-02,30456,29799,30638,29604,81400,2.2
2022-06-01,29798,31793,31970,29397,135090,-6.27
2022-05-31,31793,31730,32378,31221,86600,0.22
2022-05-30,31723,29465,32186,29307,129560,7.66
2022-05-29,29465,29027,29556,28839,36870,1.51
2022-05-28,29027,28620,29194,28537,43870,1.49
2022-05-27,28601,29194,29377,28282,116410,-2.06
2022-05-26,29204,29538,29869,28078,126710,-1.14
2022-05-25,29541,29649,30202,29354,78850,-0.36
2022-05-24,29649,29092,29811,28706,79420,1.91
2022-05-23,29093,30287,30645,28914,92100,-3.94
2022-05-22,30287,29433,30462,29260,50600,2.89
2022-05-21,29435,29189,29623,28954,32270,0.88
2022-05-20,29179,30306,30735,28738,98780,-3.72
2022-05-19,30306,28700,30525,28682,101380,5.66
2022-05-18,28684,30438,30688,28648,92030,-5.76
2022-05-17,30438,29857,30720,29484,79630,1.97
2022-05-16,29849,31308,31312,29136,100250,-4.66
2022-05-15,31309,30079,31384,29499,65440,4.08
2022-05-14,30080,29285,30277,28667,70460,2.72
2022-05-13,29284,28994,31003,28755,141230,1.06
2022-05-12,28976,29073,30137,26500,309480,-0.32
2022-05-11,29068,31008,32114,27836,296900,-6.25
2022-05-10,31008,30098,32621,29831,235610,3.03
2022-05-09,30095,34041,34227,30095,268090,-11.64
2022-05-08,34060,35468,35497,33727,0,-3.97
2022-05-07,35468,36003,36119,34773,0,-1.5
2022-05-06,36009,36540,36646,35267,0,-1.46
2022-05-05,36544,39686,39833,36183,0,-7.92
2022-05-04,39688,37717,40021,37660,0,5.22
2022-05-03,37718,38515,38647,37513,0,-2.07
2022-05-02,38514,38472,39134,38061,0,0.14
2022-05-01,38461,37642,38676,37397,0,2.15
2022-04-30,37650,38590,38776,37596,0,-2.41
2022-04-29,38581,39748,39919,38175,0,-2.94
2022-04-28,39748,39243,40382,38888,0,1.29
2022-04-27,39243,38113,39447,37869,0,2.96
2022-04-26,38113,40443,40770,37708,0,-5.72
2022-04-25,40427,39464,40599,38233,0,2.44
2022-04-24,39464,39434,39929,39033,0,0.12
2022-04-23,39418,39709,39973,39291,0,-0.73
2022-04-22,39709,40487,40792,39200,0,-1.91
2022-04-21,40482,41370,42969,39793,0,-2.14
2022-04-20,41368,41499,42203,40915,0,-0.33
2022-04-19,41503,40809,41746,40585,0,1.72
2022-04-18,40803,39700,41095,38577,0,2.77
2022-04-17,39703,40382,40599,39561,0,-1.68
2022-04-16,40382,40571,40691,40003,0,-0.44
2022-04-15,40560,39936,40850,39781,0,1.56
2022-04-14,39936,41133,41494,39585,0,-2.91
2022-04-13,41133,40072,41515,39581,0,2.63
2022-04-12,40078,39507,40678,39265,0,1.47
2022-04-11,39497,42144,42418,39202,0,-6.27
2022-04-10,42138,42760,43421,41884,0,-1.47
2022-04-09,42767,42275,42809,42129,0,1.16
2022-04-08,42275,43450,43979,42113,0,-2.7
2022-04-07,43448,43166,43893,42747,0,0.64
2022-04-06,43173,45494,45519,43122,0,-5.13
2022-04-05,45506,46614,47201,45388,0,-2.41
2022-04-04,46629,46407,46899,45152,0,0.48
2022-04-03,46407,45813,47435,45554,0,1.3
2022-04-02,45811,46299,47212,45641,0,-1.05
2022-04-01,46297,45529,46728,44261,0,1.7
2022-03-31,45525,47071,47624,45228,0,-3.29
2022-03-30,47075,47449,47714,46601,0,-0.79
2022-03-29,47449,47126,48127,47029,0,0.73
2022-03-28,47105,46859,48199,46672,0,0.52
2022-03-27,46859,44542,46947,44445,0,5.19
2022-03-26,44548,44331,44818,44090,0,0.49
2022-03-25,44331,44013,45112,43622,0,0.72
2022-03-24,44013,42911,44251,42658,0,2.57
2022-03-23,42912,42373,43027,41795,0,1.27
2022-03-22,42373,41022,43328,40893,0,3.29
2022-03-21,41022,41282,41532,40530,0,-0.62
2022-03-20,41276,42241,42301,40922,0,-2.27
2022-03-19,42233,41768,42386,41530,0,1.11
2022-03-18,41768,40915,42308,40235,0,2.08
2022-03-17,40915,41119,41406,40558,0,-0.5
2022-03-16,41119,39282,41702,38953,0,4.67
2022-03-15,39286,39673,39855,38221,0,-0.97
2022-03-14,39671,37790,39914,37614,0,4.97
2022-03-13,37792,38813,39272,37603,0,-2.63
2022-03-12,38814,38730,39355,38666,0,0.22
2022-03-11,38730,39422,40177,38236,0,-1.74
2022-03-10,39416,41934,42029,38604,0,-5.99
2022-03-09,41929,38732,42538,38663,0,8.22
2022-03-08,38745,38021,39352,37887,0,1.89
2022-03-07,38025,38421,39532,37182,0,-0.99
2022-03-06,38403,39396,39668,38115,0,-2.52
2022-03-05,39396,39143,39600,38626,0,0.65
2022-03-04,39143,42463,42849,38595,0,-7.82
2022-03-03,42463,43913,44077,41841,74110,-3.3
2022-03-02,43913,44420,45294,43361,80820,-1.14
2022-03-01,44420,43187,44900,42877,90670,2.85
2022-02-28,43188,37707,43978,37459,108070,14.59
2022-02-27,37689,39117,39838,37062,66140,-3.65
2022-02-26,39116,39222,40094,38639,41550,-0.24
2022-02-25,39210,38339,39684,38043,83780,2.27
2022-02-24,38339,37250,39352,34357,180470,2.99
2022-02-23,37225,38248,39194,37100,64840,-2.68
2022-02-22,38248,37018,38415,36400,82750,3.32
2022-02-21,37018,38355,39444,36869,91820,-3.49
2022-02-20,38355,40090,40120,38042,47920,-4.33
2022-02-19,40090,40000,40434,39667,25780,0.23
2022-02-18,40000,40532,40936,39505,64960,-1.36
2022-02-17,40553,43886,44167,40104,72630,-7.59
2022-02-16,43884,44541,44553,43378,41400,-1.48
2022-02-15,44544,42550,44723,42460,56340,4.69
2022-02-14,42550,42061,42800,41591,53600,1.16
2022-02-13,42061,42206,42725,41880,25880,-0.34
2022-02-12,42205,42388,43006,41777,37880,-0.43
2022-02-11,42388,43519,43915,42023,69950,-2.6
2022-02-10,43521,44389,45755,43242,89690,-1.96
2022-02-09,44389,44038,44800,43163,50920,0.8
2022-02-08,44038,43834,45400,42705,92880,0.47
2022-02-07,43834,42385,44468,41695,76600,3.4
2022-02-06,42392,41412,42615,41176,31200,2.37
2022-02-05,41412,41566,41900,40963,46320,-0.37
2022-02-04,41568,37288,41689,37041,95490,11.48
2022-02-03,37288,36890,37304,36297,50350,1.08
2022-02-02,36890,38711,38854,36682,53740,-4.7
2022-02-01,38710,38476,39230,38038,55200,0.55
2022-01-31,38499,37924,38701,36673,61270,1.53
2022-01-30,37918,38168,38313,37391,34100,-0.66
2022-01-29,38171,37736,38664,37350,42770,1.13
2022-01-28,37745,37196,37996,36176,69450,1.56
2022-01-27,37164,36800,37215,35543,83520,0.99
2022-01-26,36800,36962,38863,36280,107870,-0.41
2022-01-25,36951,36691,37502,35729,79680,0.72
2022-01-24,36686,36269,37424,32986,153770,1.15
2022-01-23,36270,35073,36513,34655,70430,3.4
2022-01-22,35075,36468,36750,34116,138090,-3.84
2022-01-21,36476,40698,41105,35504,155800,-10.41
2022-01-20,40716,41684,43487,40568,65280,-2.31
2022-01-19,41678,42365,42558,41161,53770,-1.62
2022-01-18,42365,42210,42674,41301,47320,0.37
2022-01-17,42209,43080,43180,41559,41440,-2.02
2022-01-16,43079,43079,43462,42643,28660,-0.04
2022-01-15,43097,43074,43778,42586,31440,0.06
2022-01-14,43073,42562,43435,41849,50500,1.21
2022-01-13,42560,43900,44405,42338,53420,-3.05
2022-01-12,43901,42735,44244,42477,53950,2.73
2022-01-11,42733,41829,43090,41288,61780,2.15
2022-01-10,41832,41849,42244,39697,85500,-0.04
2022-01-09,41848,41681,42764,41261,37510,0.42
2022-01-08,41672,41551,42304,40574,52540,0.3
2022-01-07,41547,43098,43128,40810,88360,-3.6
2022-01-06,43098,43432,43772,42481,63080,-0.76
2022-01-05,43426,45833,47019,42535,83740,-5.26
2022-01-04,45837,46436,47505,45602,55590,-1.28
2022-01-03,46430,47294,47556,45704,41060,-1.86
2022-01-02,47312,47739,47945,46718,27020,-0.89
2022-01-01,47738,46218,47918,46218,31240,3.29
